{"pages":[{"page":1,"annotations":[{"type":"Screen","bounds":[1375,734,74,74],"objref":"70","action":{"type":"Rendition","media":{"src":"media/1y.mp4","type":"video/mp4"}}}]},{"page":2,"annotations":[{"type":"Screen","bounds":[1375,734,74,74],"objref":"72","action":{"type":"Rendition","media":{"src":"media/1-.mp4","type":"video/mp4"}}}]},{"page":3,"annotations":[{"type":"Screen","bounds":[1375,734,74,74],"objref":"74","action":{"type":"Rendition","media":{"src":"media/21.mp4","type":"video/mp4"}}}]},{"page":4,"annotations":[{"type":"Screen","bounds":[1375,734,74,74],"objref":"76","action":{"type":"Rendition","media":{"src":"media/23.mp4","type":"video/mp4"}}}]},{"page":5,"annotations":[{"type":"Screen","bounds":[1375,734,74,74],"objref":"78","action":{"type":"Rendition","media":{"src":"media/25.mp4","type":"video/mp4"}}}]},{"page":6,"annotations":[{"type":"Screen","bounds":[1375,734,74,74],"objref":"80","action":{"type":"Rendition","media":{"src":"media/27.mp4","type":"video/mp4"}}}]},{"page":7,"annotations":[{"type":"Screen","bounds":[1375,734,74,74],"objref":"82","action":{"type":"Rendition","media":{"src":"media/29.mp4","type":"video/mp4"}}}]},{"page":8,"annotations":[{"type":"Screen","bounds":[1375,734,74,74],"objref":"84","action":{"type":"Rendition","media":{"src":"media/2b.mp4","type":"video/mp4"}}}]},{"page":9,"annotations":[{"type":"Screen","bounds":[1375,734,74,74],"objref":"86","action":{"type":"Rendition","media":{"src":"media/2d.mp4","type":"video/mp4"}}}]},{"page":10,"annotations":[{"type":"Screen","bounds":[1375,734,74,74],"objref":"88","action":{"type":"Rendition","media":{"src":"media/2f.mp4","type":"video/mp4"}}}]},{"page":11,"annotations":[{"type":"Screen","bounds":[1375,734,74,74],"objref":"90","action":{"type":"Rendition","media":{"src":"media/2h.mp4","type":"video/mp4"}}}]},{"page":12,"annotations":[{"type":"Screen","bounds":[1375,734,74,74],"objref":"92","action":{"type":"Rendition","media":{"src":"media/2j.mp4","type":"video/mp4"}}}]},{"page":13,"annotations":[{"type":"Screen","bounds":[1375,734,74,74],"objref":"94","action":{"type":"Rendition","media":{"src":"media/2l.mp4","type":"video/mp4"}}}]},{"page":14,"annotations":[{"type":"Screen","bounds":[1375,734,74,74],"objref":"96","action":{"type":"Rendition","media":{"src":"media/2n.mp4","type":"video/mp4"}}}]},{"page":15,"annotations":[{"type":"Screen","bounds":[1375,734,74,74],"objref":"98","action":{"type":"Rendition","media":{"src":"media/2p.mp4","type":"video/mp4"}}}]},{"page":16,"annotations":[{"type":"Screen","bounds":[1375,734,74,74],"objref":"100","action":{"type":"Rendition","media":{"src":"media/2r.mp4","type":"video/mp4"}}}]},{"page":17,"annotations":[{"type":"Screen","bounds":[1375,734,74,74],"objref":"102","action":{"type":"Rendition","media":{"src":"media/2t.mp4","type":"video/mp4"}}}]}]}